"treatment","min","max","median","mean","std_dev","iqr"
"placebo",4.01,24.47,13.565,13.2254545454545,5.49723629894213,17.4875
"AF42",8.97,48.96,23.335,25.1745454545455,11.1413471559869,7.9875
