"treatment","min","max","median","mean","std_dev","iqr"
"placebo",4.3,11.43,7.615,7.50136363636364,2.13544306867851,17.48
"AF42",9.1,41.7,24.25,24.252380952381,9.86284234121275,3.255
